<?xml version="1.0" encoding="UTF-8"?>
<?xml-model href="kupfer2-20exercise2.rnc" type="application/relax-ng-compact-syntax"?>
<!-- Key -->
<!-- fl = foreign language -->
<!-- au = author -->
<!-- loc = location -->
<!-- in = ingredient -->
<!-- t = time -->
<!-- m = measurement -->
<!-- s = step -->
<!-- inlist = ingredients list -->
<!-- dirlist = direction list -->
<!-- mix: combination of ingredients -->
<root>
    <title>"Chocolate-Stuffed Peanut Butter Cookies"</title> Generated by <creator>ChatGPT</creator>
    <inlist>
        <head>Ingredients:</head>
        <in><m n="1">1 cup</m> all-purpose flour</in>
        <in><m n="0.5">1/2 cup</m> unsalted butter, at room temperature</in>
        <in><m n="0.5">1/2 cup</m> creamy peanut butter</in>
        <in><m n="0.5">1/2 cup</m> granulated sugar</in>
        <in><m n="0.25">1/4 cup</m> light brown sugar</in>
        <in><m n="1">1</m> large egg</in>
        <in><m n="1">1 tsp</m> vanilla extract</in>
        <in><m n="0.5">1/2 tsp</m> baking powder</in>
        <in><m n="0.25">1/4 tsp</m> baking soda</in>
        <in><m n="0.25">1/4 tsp</m> salt</in>
        <in><m n="0.5">1/2 cup</m> chocolate chips</in>
    </inlist>
    <dirlist>
        <head>Instructions:</head>
        <s>In a <tool>medium-sized bowl,</tool>
            <act>whisk together</act>
            <in>the flour, baking powder, baking soda, and salt.</in>
            <act>Set aside.</act></s>
        <s>In a <tool>large mixing bowl,</tool>
            <act>beat <in>the butter, peanut butter and sugars</in> together until creamy.</act></s>
        <s><act>Add</act>
            <in>the egg and vanilla extract,</in> and <act>mix well.</act></s>
        <s><act>Slowly add the <mix ing="flour, baking powder, baking soda, salt">flour
                    mixture</mix> to the <mix ing="butter, peanut butter, sugars">butter
                    mixture,</mix></act> and <act>mix until just combined.</act></s>
        <s><act>Form the <mix mixes="flour mixture, dough mixture">dough</mix> into 1-inch
                balls</act> and <act>flatten them slightly.</act></s>
        <s><act>Place <m n="1">a tablespoon</m> of <in>chocolate chips</in> in the center of each
                    <mix mixes="flour mixture, dough mixture">dough ball,</mix></act> and then
                <act>fold the <mix mixes="flour mixture, dough mixture">dough</mix> around the
                    <in>chocolate chips</in> to encase them completely.</act></s>
        <s><act>Preheat</act> your <tool>oven</tool> to <m n="350" alt="175">350°F (175°C),</m> and
                <act>line a <tool>baking sheet</tool> with <tool>parchment paper.</tool></act></s>
        <s><act>Place</act> the <mix mixes="flour mixture, dough mixture">dough balls</mix> on the
                <tool>prepared baking sheet,</tool> and <act>press them down gently with a
                    <tool>fork</tool> to make a crisscross pattern.</act></s>
        <s><act>Bake for <t from="12" to="15">12-15 minutes,</t> or until the edges are golden
            brown.</act></s>
        <s><act>Remove from the <tool>oven</tool></act> and <act>let the <cookies>cookies</cookies>
                cool on the <tool>baking sheet</tool> for <t n="5">5 minutes</t></act>
            before <act>transferring them to a <tool>wire rack</tool> to cool completely.</act></s>
        <s><act>Enjoy</act> your <cookies>delicious chocolate-stuffed peanut butter
                cookies!</cookies></s>
        <note>Note : you can <act>add</act>
            <in>chocolate chips</in> inside the <mix mixes="flour mixture, dough mixture"
                >dough</mix> instead of <act>pressing <in>chocolate</in> on top.</act></note>
    </dirlist>
</root>
